Workbook

Sheet Student_Test
A1: Faculty of Information and Communication Technology
A2: Mahidol University
A3: English Proficiency Test Score for Graduation
A4: COVERAGE INFORMATION
Y5: Auto??? | AA5: Tum กรอก เมื่อจะนำเสนอเซ็น | AB5: Tum กรอกเมื่อได้ลายเซ็นแล้ว วันที่ตรงนี้จะนำไปใช้ส่งต่อให้มหาวิทยาลัย | AC5: Mail Merge ส่งเมล์เมื่อ Dean
A6: No. | B6: AcademicYear | C6: Graduate Year | D6: Program | E6: ID | F6: Title | G6: Firstname | H6: Lastname | I6: Type of Subtitute | J6: Score | K6: Listening | L6: Reading | M6: Writing | N6: Speaking | O6: Literacy | P6: Conversation | Q6: Comprehension | R6: Production | S6: Test Date | T6: Annouced date | U6: Type for TOEFL | V6: Client | W6: Tel no. | X6: Student Email | Y6: Approve Date | Z6: Certificate | AA6: รอบเสนอ Dean | AB6: Dean Approve Date | AC6: Notify to Student
A7: 1 | B7: =VALUE(LEFT(E7,2)) -> 63 | C7: =VALUE("25"&B7)-543+3 -> 2023 | D7: ICT | E7: 6388001 | F7: MR. | G7: Thanakorn | H7: Kannika | I7: Pass TOEFL | J7: 5000 | K7: 2580 | M7: 1300 | N7: 1200 | S7: 14882 | U7: CBT | X7: tanakorn.kan@mahidol.ac.th | Y7: 44441.663 | Z7: https://studentmahidolac.sharepoint.com/sites/AcademicTeam603/Shared%20Documents/%E0%B9%81%E0%B8%AD%E0%B8%9B/Microsoft%20Forms/English%20Proficiency%20Test%20for%20Graduation%20-%20English/Please%20attached%20the%20original%20score%20certificate/205729619_4214716881883610_207278601184615471_Thanakorn%20Kannika.jpg
A8: 2 | B8: =VALUE(LEFT(E8,2)) -> 63 | C8: =VALUE("25"&B8)-543+3 -> 2023 | D8: ICT | E8: 6388002 | F8: MISS | G8: Siriporn | H8: Rojanakosol | I8: Pass TOEIC | J8: 1650 | K8: 1660 | L8: 90 | S8: 44806 | V8: Asok | X8: =CONCATENATE(LOWER(G8),".",LOWER(LEFT(H8,3)),"@mahidol.ac.th") -> siriporn.roj@mahidol.ac.th | Y8: 44441.666 | Z8: https://studentmahidolac.sharepoint.com/sites/AcademicTeam603/Shared%20Documents/%E0%B9%81%E0%B8%AD%E0%B8%9B/Microsoft%20Forms/English%20Proficiency%20Test%20for%20Graduation%20-%20English/Please%20attached%20the%20original%20score%20certificate/EnglishText_Siriporn%20Rojanakosol.JPG
A9: 3 | B9: =VALUE(LEFT(E9,2)) -> 63 | C9: =VALUE("25"&B9)-543+3 -> 2023 | D9: ICT | E9: 6388003 | F9: MR. | G9: Pipatpong | H9: Niyommungmee | I9: Pass MUELT | X9: =CONCATENATE(LOWER(G9),".",LOWER(LEFT(H9,3)),"@mahidol.ac.th") -> pipatpong.niy@mahidol.ac.th
A10: 4 | B10: =VALUE(LEFT(E10,2)) -> 63 | C10: =VALUE("25"&B10)-543+3 -> 2023 | D10: ICT | E10: 6388004 | F10: MR. | G10: Karn | H10: Liamruk | I10: Pass MUELT | X10: =CONCATENATE(LOWER(G10),".",LOWER(LEFT(H10,3)),"@mahidol.ac.th") -> karn.lia@mahidol.ac.th
A11: 5 | B11: =VALUE(LEFT(E11,2)) -> 61 | C11: =VALUE("25"&B11)-543+3 -> 2021 | D11: ICT | E11: 6188005 | F11: MISS | G11: Siripen | H11: Pongpaichet | I11: Pass MUELT | J11: 100 | K11: 50 | L11: 50 | S11: 44440 | X11: =CONCATENATE(LOWER(G11),".",LOWER(LEFT(H11,3)),"@mahidol.ac.th") -> siripen.pon@mahidol.ac.th | Y11: 44445.443 | Z11: https://studentmahidolac.sharepoint.com/sites/AcademicTeam603/Shared%20Documents/%E0%B9%81%E0%B8%AD%E0%B8%9B/Microsoft%20Forms/English%20Proficiency%20Test%20for%20Graduation%20-%20English/Please%20attached%20the%20original%20score%20certificate/MUICT3_SIRIPEN%20PONGPAICHET.png
A12: 6 | B12: =VALUE(LEFT(E12,2)) -> 61 | C12: =VALUE("25"&B12)-543+3 -> 2021 | D12: ICT | E12: 6188006 | F12: MISS | G12: Woramon | H12: Chareonsuk | I12: Pass MUELT | J12: 150 | K12: 75 | L12: 75 | S12: 44445 | X12: =CONCATENATE(LOWER(G12),".",LOWER(LEFT(H12,3)),"@mahidol.ac.th") -> woramon.cha@mahidol.ac.th | Y12: 44454.546 | Z12: https://studentmahidolac.sharepoint.com/sites/AcademicTeam603/Shared%20Documents/%E0%B9%81%E0%B8%AD%E0%B8%9B/Microsoft%20Forms/English%20Proficiency%20Test%20for%20Graduation%20-%20English/Please%20attached%20the%20original%20score%20certificate/MUICT2_Woramon%20Chareonsuk%208.png
A13: 7 | B13: =VALUE(LEFT(E13,2)) -> 61 | C13: =VALUE("25"&B13)-543+3 -> 2021 | D13: ICT | E13: 6188007 | F13: MR. | G13: Patipat | H13: Chewprecha | I13: Not Pass | J13: 700 | K13: 400 | L13: 300 | S13: 44440 | V13: MU | X13: =CONCATENATE(LOWER(G13),".",LOWER(LEFT(H13,3)),"@mahidol.ac.th") -> patipat.che@mahidol.ac.th | Y13: 44452.691 | Z13: https://studentmahidolac.sharepoint.com/sites/AcademicTeam603/Shared%20Documents/%E0%B9%81%E0%B8%AD%E0%B8%9B/Microsoft%20Forms/English%20Proficiency%20Test%20for%20Graduation%20-%20English/Please%20attached%20the%20original%20score%20certificate/IDCardExample_Patipat%20Chewprecha%2010.jpg
A14: 8 | B14: =VALUE(LEFT(E14,2)) -> 60 | C14: =VALUE("25"&B14)-543+3 -> 2020 | D14: ICT | E14: 6088008 | F14: MR. | G14: Poobase | H14: Somanawat | I14: Pass TOEIC | J14: 800 | K14: 400 | L14: 400 | S14: 44440 | V14: MU | X14: =CONCATENATE(LOWER(G14),".",LOWER(LEFT(H14,3)),"@mahidol.ac.th") -> poobase.som@mahidol.ac.th
A15: 9 | B15: =VALUE(LEFT(E15,2)) -> 63 | C15: =VALUE("25"&B15)-543+3 -> 2023 | D15: ICT | E15: 6388009 | F15: MISS | G15: Saengduean | H15: Pornpanomchai | I15: Pass TOEIC | J15: 800 | K15: 400 | L15: 400 | S15: 44440 | V15: MU | X15: =CONCATENATE(LOWER(G15),".",LOWER(LEFT(H15,3)),"@mahidol.ac.th") -> saengduean.por@mahidol.ac.th
A16: 10 | B16: =VALUE(LEFT(E16,2)) -> 63 | C16: =VALUE("25"&B16)-543+3 -> 2023 | D16: ICT | E16: 6388010 | F16: MISS | G16: Warunthorn | H16: Jeansamoot | I16: Pass MUELT
A17: 11 | B17: =VALUE(LEFT(E17,2)) -> 63 | C17: =VALUE("25"&B17)-543+3 -> 2023 | D17: ICT | E17: 6388011 | F17: MISS | G17: Sudarat | H17: Chutilimpachart | I17: Pass MUELT | X17: sudarat.nan@mahidol.ac.th
A18: 12 | B18: =VALUE(LEFT(E18,2)) -> 63 | C18: =VALUE("25"&B18)-543+3 -> 2023 | D18: ICT | E18: 6388012 | F18: MR. | G18: Supakorn | H18: Panpithak | I18: Pass MUELT | J18: 7 | K18: 7 | L18: 7 | M18: 7 | N18: 7 | S18: 44448 | X18: supakorn.pap@mahidol.ac.th | Y18: 44448.554 | Z18: https://studentmahidolac.sharepoint.com/sites/AcademicTeam603/Shared%20Documents/%E0%B9%81%E0%B8%AD%E0%B8%9B/Microsoft%20Forms/English%20Proficiency%20Test%20for%20Graduation%20-%20English/Please%20attached%20the%20original%20score%20certificate/190153213_267017145213647_6747098700929083546_Supakorn%20Panpithak.jpg
A19: 13 | B19: =VALUE(LEFT(E19,2)) -> 63 | C19: =VALUE("25"&B19)-543+3 -> 2023 | D19: ICT | E19: 6388013 | F19: MR. | G19: Itthiphol | H19: Makkappalanon | I19: Pass MUELT | X19: =CONCATENATE(LOWER(G19),".",LOWER(LEFT(H19,3)),"@mahidol.ac.th") -> itthiphol.mak@mahidol.ac.th
A20: 14 | B20: =VALUE(LEFT(E20,2)) -> 63 | C20: =VALUE("25"&B20)-543+3 -> 2023 | D20: ICT | E20: 6388014 | F20: MR. | G20: Alexander | H20: Salde | I20: Pass MUELT | J20: 600 | K20: 200 | M20: 200 | N20: 200 | S20: 44427 | U20: PBT | X20: =CONCATENATE(LOWER(G20),".",LOWER(LEFT(H20,3)),"@mahidol.ac.th") -> alexander.sal@mahidol.ac.th | Y20: 44441.676 | Z20: https://studentmahidolac.sharepoint.com/sites/AcademicTeam603/Shared%20Documents/%E0%B9%81%E0%B8%AD%E0%B8%9B/Microsoft%20Forms/English%20Proficiency%20Test%20for%20Graduation%20-%20English/Please%20attached%20the%20original%20score%20certificate/toefl%20(1)_Alexander%20Salde.jpg
A21: 16 | B21: =VALUE(LEFT(E21,2)) -> 62 | C21: =VALUE("25"&B21)-543+3 -> 2022 | D21: ICT | E21: 6288016 | F21: MISS | G21: Noppawan | H21: Raluekmool | I21: Pass MUELT | X21: =CONCATENATE(LOWER(G21),".",LOWER(LEFT(H21,3)),"@mahidol.ac.th") -> noppawan.ral@mahidol.ac.th
A22: 17 | B22: =VALUE(LEFT(E22,2)) -> 63 | C22: =VALUE("25"&B22)-543+3 -> 2023 | D22: ICT | E22: 6388017 | F22: MR. | G22: Prach | H22: Chaisiri | I22: Pass MUELT | X22: =CONCATENATE(LOWER(G22),".",LOWER(LEFT(H22,3)),"@mahidol.ac.th") -> prach.cha@mahidol.ac.th
A23: 18 | B23: =VALUE(LEFT(E23,2)) -> 61 | C23: =VALUE("25"&B23)-543+3 -> 2021 | D23: ICT | E23: 6188018 | F23: MISS | G23: Kullaporn | H23: Hongthong | I23: Pass MUELT | X23: =CONCATENATE(LOWER(G23),".",LOWER(LEFT(H23,3)),"@mahidol.ac.th") -> kullaporn.hon@mahidol.ac.th
A24: 19 | B24: =VALUE(LEFT(E24,2)) -> 61 | C24: =VALUE("25"&B24)-543+3 -> 2021 | D24: ICT | E24: 6188019 | F24: MISS | G24: Buntida | H24: Suvacharakulton | I24: Pass MUELT | X24: =CONCATENATE(LOWER(G24),".",LOWER(LEFT(H24,3)),"@mahidol.ac.th") -> buntida.suv@mahidol.ac.th
A25: 20 | B25: =VALUE(LEFT(E25,2)) -> 61 | C25: =VALUE("25"&B25)-543+3 -> 2021 | D25: ICT | E25: 6188020 | F25: MR. | G25: Jira | H25: Hutaman | I25: Pass MUELT | X25: =CONCATENATE(LOWER(G25),".",LOWER(LEFT(H25,3)),"@mahidol.ac.th") -> jira.hut@mahidol.ac.th
A26: 21 | B26: =VALUE(LEFT(E26,2)) -> 61 | C26: =VALUE("25"&B26)-543+3 -> 2021 | D26: ICT | E26: 6188021 | F26: MISS | G26: Kessarin | H26: Thoithat | I26: Pass MUELT | X26: kessrin.tho@mahidol.ac.th

Sheet Student_ICT
A1: Faculty of Information and Communication Technology
A2: Mahidol University
A3: English Proficiency Test Score for Graduation
A4: COVERAGE INFORMATION
AA5: Tum กรอก เมื่อจะนำเสนอเซ็น | AB5: Tum กรอกเมื่อได้ลายเซ็นแล้ว วันที่ตรงนี้จะนำไปใช้ส่งต่อให้มหาวิทยาลัย
A6: No. | B6: AcademicYear | C6: Graduate Year | D6: Program | E6: ID | F6: Title | G6: Firstname | H6: Lastname | I6: Type of Subtitute | J6: Score | K6: Listening | L6: Reading | M6: Writing | N6: Speaking | O6: Literacy | P6: Conversation | Q6: Comprehension | R6: Production | S6: Test Date | T6: Annouced date | U6: Type for TOEFL | V6: Client | W6: Tel no. | X6: Student Email | Y6: Approve Date | Z6: Certificate | AA6: รอบเสนอ Dean | AB6: Dean Approve Date | AC6: _ForSystem_StudentEmailNoSpace
A7: 1 | B7: =VALUE(LEFT(E7,2)) -> 58 | C7: =VALUE("25"&B7)-543+3 -> 2018 | E7: 5888012 | F7: MR. | G7: PUTTHICHAI | H7: CHAITHUMMAPAKORN | I7: Pass MU Intensive | J7: 76 | T7: 44531 | W7: 091-892-6259 | X7: putthichai.cha@student.mahidol.edu | AC7: =TRIM(StudentScore[[#This Row],[Student Email]]) -> putthichai.cha@student.mahidol.edu
A8: 2 | B8: =VALUE(LEFT(E8,2)) -> 59 | C8: =VALUE("25"&B8)-543+3 -> 2019 | E8: 5988181 | F8: MR. | G8: WARINTORN | H8: VISEDSANG | I8: Not Pass | W8: 088-610-8826 | X8: warintorn.vis@student.mahidol.ac.th | AC8: =TRIM(StudentScore[[#This Row],[Student Email]]) -> warintorn.vis@student.mahidol.ac.th
A9: 3 | B9: =VALUE(LEFT(E9,2)) -> 59 | C9: =VALUE("25"&B9)-543+3 -> 2019 | E9: 5988259 | F9: MR. | G9: RAPIPAT | H9: UDOMGUN | I9: Not Pass | W9: 097-169-1665 | X9: rapipat.udo@student.mahidol.ac.th | AC9: =TRIM(StudentScore[[#This Row],[Student Email]]) -> rapipat.udo@student.mahidol.ac.th
A10: 4 | B10: =VALUE(LEFT(E10,2)) -> 60 | C10: =VALUE("25"&B10)-543+3 -> 2020 | E10: 6088228 | F10: MR. | G10: VARUIT | H10: WUTTISATHIT | I10: Pass MU Intensive | J10: 76 | T10: 44682 | W10: 081-845-5023 | X10: varuit.wui@student.mahidol.ac.th | AC10: =TRIM(StudentScore[[#This Row],[Student Email]]) -> varuit.wui@student.mahidol.ac.th
A11: 5 | B11: =VALUE(LEFT(E11,2)) -> 61 | C11: =VALUE("25"&B11)-543+3 -> 2021 | E11: 6188001 | F11: MISS | G11: VIDCHAYADA | H11: CHAISANGKHA | I11: Pass TOEFL | J11: 543 | K11: 57 | L11: 50 | M11: 56 | S11: 44347 | T11: 44348 | W11: 081-406-1002 | X11: vidchayada.cha@student.mahidol.ac.th | AC11: =TRIM(StudentScore[[#This Row],[Student Email]]) -> vidchayada.cha@student.mahidol.ac.th
A12: 6 | B12: =VALUE(LEFT(E12,2)) -> 61 | C12: =VALUE("25"&B12)-543+3 -> 2021 | E12: 6188002 | F12: MISS | G12: RAMITA | H12: CHONGCHAM | I12: Pass IELTS | J12: 5.5 | K12: 5.5 | L12: 6 | M12: 5.5 | N12: 5 | S12: 43574 | T12: 43556 | W12: 092-520-4430 | X12: ramita.cho@student.mahidol.ac.th | AC12: =TRIM(StudentScore[[#This Row],[Student Email]]) -> ramita.cho@student.mahidol.ac.th
A13: 7 | B13: =VALUE(LEFT(E13,2)) -> 61 | C13: =VALUE("25"&B13)-543+3 -> 2021 | E13: 6188003 | F13: MISS | G13: AORAVEE | H13: DONNOMPRI | I13: Pass TOEIC | J13: 670 | K13: 370 | L13: 300 | S13: 43880 | T13: 43862 | W13: 095-887-1177 | X13: aoravee.don@student.mahidol.ac.th | AC13: =TRIM(StudentScore[[#This Row],[Student Email]]) -> aoravee.don@student.mahidol.ac.th
A14: 8 | B14: =VALUE(LEFT(E14,2)) -> 61 | C14: =VALUE("25"&B14)-543+3 -> 2021 | E14: 6188005 | F14: MISS | G14: VARISARA | H14: JANMATAKULWAT | I14: Pass Duolingo | J14: 100 | S14: 44355 | T14: 44348 | W14: 092-250-3183 | X14: varisara.jan@student.mahidol.ac.th | AC14: =TRIM(StudentScore[[#This Row],[Student Email]]) -> varisara.jan@student.mahidol.ac.th
A15: 9 | B15: =VALUE(LEFT(E15,2)) -> 61 | C15: =VALUE("25"&B15)-543+3 -> 2021 | E15: 6188006 | F15: MR. | G15: JIRAKORN | H15: JIRAPONPAISAL | I15: Pass IELTS | J15: 6.5 | K15: 7 | L15: 6.5 | M15: 5.5 | N15: 6 | S15: 42833 | T15: 43313 | W15: 085-555-3449 | X15: jirakorn.jir@student.mahidol.ac.th | AC15: =TRIM(StudentScore[[#This Row],[Student Email]]) -> jirakorn.jir@student.mahidol.ac.th
A16: 10 | B16: =VALUE(LEFT(E16,2)) -> 61 | C16: =VALUE("25"&B16)-543+3 -> 2021 | E16: 6188007 | F16: MR. | G16: WORAWIT | H16: KAEWPRASERT | I16: Pass TOEIC | J16: 790 | K16: 425 | L16: 365 | S16: 44090 | T16: 44105 | W16: 090-101-9395 | X16: worawit.kae@student.mahidol.ac.th | AC16: =TRIM(StudentScore[[#This Row],[Student Email]]) -> worawit.kae@student.mahidol.ac.th
A17: 11 | B17: =VALUE(LEFT(E17,2)) -> 61 | C17: =VALUE("25"&B17)-543+3 -> 2021 | E17: 6188008 | F17: MISS | G17: NATTHAPORN | H17: KOBKULKALYAKORN | I17: Pass TOEIC | J17: 650 | K17: 310 | L17: 340 | S17: 43880 | T17: 43862 | W17: 092-248-3162 | X17: natthaporn.kob@student.mahidol.ac.th | AC17: =TRIM(StudentScore[[#This Row],[Student Email]]) -> natthaporn.kob@student.mahidol.ac.th
A18: 12 | B18: =VALUE(LEFT(E18,2)) -> 61 | C18: =VALUE("25"&B18)-543+3 -> 2021 | E18: 6188009 | F18: MR. | G18: PHUMRAPEE | H18: LIMPIANCHOP | I18: Pass TOEIC | J18: 865 | K18: 455 | L18: 410 | S18: 44153 | T18: 44136 | W18: 088-658-2601 | X18: phumrapee.lim@student.mahidol.ac.th | AC18: =TRIM(StudentScore[[#This Row],[Student Email]]) -> phumrapee.lim@student.mahidol.ac.th
A19: 13 | B19: =VALUE(LEFT(E19,2)) -> 61 | C19: =VALUE("25"&B19)-543+3 -> 2021 | E19: 6188010 | F19: MISS | G19: CHANSIDA | H19: MAKARANOND | I19: Pass IELTS | J19: 7 | K19: 8 | L19: 7.5 | M19: 6 | N19: 6 | S19: 42959 | T19: 43313 | W19: 081-900-5885 | X19: chansida.mak@student.mahidol.ac.th | AC19: =TRIM(StudentScore[[#This Row],[Student Email]]) -> chansida.mak@student.mahidol.ac.th
A20: 14 | B20: =VALUE(LEFT(E20,2)) -> 61 | C20: =VALUE("25"&B20)-543+3 -> 2021 | E20: 6188011 | F20: MISS | G20: OSH | H20: NARAYAN | I20: Pass IELTS | J20: 6.5 | K20: 6.5 | L20: 5 | M20: 6 | N20: 8 | S20: 42987 | T20: 43313 | W20: 092-256-6571 | X20: osh.nar@student.mahidol.ac.th | AC20: =TRIM(StudentScore[[#This Row],[Student Email]]) -> osh.nar@student.mahidol.ac.th
A21: 15 | B21: =VALUE(LEFT(E21,2)) -> 61 | C21: =VALUE("25"&B21)-543+3 -> 2021 | E21: 6188012 | F21: MR. | G21: SUTTIPAT | H21: BURANATREVEDH | I21: Pass TOEIC | J21: 650 | K21: 410 | L21: 240 | S21: 43903 | T21: 44044 | W21: 085-252-8447 | X21: suttipat.bur@student.mahidol.ac.th | AC21: =TRIM(StudentScore[[#This Row],[Student Email]]) -> suttipat.bur@student.mahidol.ac.th
A22: 16 | B22: =VALUE(LEFT(E22,2)) -> 61 | C22: =VALUE("25"&B22)-543+3 -> 2021 | E22: 6188013 | F22: MR. | G22: ANAKIN | H22: PATCHAROTHAI | I22: Pass TOEIC | J22: 850 | K22: 435 | L22: 415 | S22: 43880 | T22: 43862 | W22: 089-019-9919 | X22: anakin.pat@student.mahidol.ac.th | AC22: =TRIM(StudentScore[[#This Row],[Student Email]]) -> anakin.pat@student.mahidol.ac.th
A23: 17 | B23: =VALUE(LEFT(E23,2)) -> 61 | C23: =VALUE("25"&B23)-543+3 -> 2021 | E23: 6188014 | F23: MR. | G23: SUTTICHOK | H23: CHOTISAKUL | I23: Pass TOEIC | J23: 820 | K23: 470 | L23: 350 | S23: 43880 | T23: 43862 | W23: 086-661-2188 | X23: suttichok.cho@student.mahidol.ac.th | AC23: =TRIM(StudentScore[[#This Row],[Student Email]]) -> suttichok.cho@student.mahidol.ac.th
A24: 18 | B24: =VALUE(LEFT(E24,2)) -> 61 | C24: =VALUE("25"&B24)-543+3 -> 2021 | E24: 6188015 | F24: MR. | G24: WEERAPAT | H24: PIPITHRUENGKRAI | I24: Pass TOEIC | J24: 800 | K24: 380 | L24: 420 | S24: 43880 | T24: 43862 | W24: 093-134-2998 | X24: weerapat.pip@student.mahidol.ac.th | AC24: =TRIM(StudentScore[[#This Row],[Student Email]]) -> weerapat.pip@student.mahidol.ac.th
A25: 19 | B25: =VALUE(LEFT(E25,2)) -> 61 | C25: =VALUE("25"&B25)-543+3 -> 2021 | E25: 6188016 | F25: MISS | G25: THANAPORN | H25: PLANGPHATTHANAPHANIT | I25: Pass TOEIC | J25: 715 | K25: 350 | L25: 365 | S25: 43880 | T25: 43862 | W25: 061-436-4199 | X25: thanaporn.pln@student.mahidol.ac.th | AC25: =TRIM(StudentScore[[#This Row],[Student Email]]) -> thanaporn.pln@student.mahidol.ac.th
A26: 20 | B26: =VALUE(LEFT(E26,2)) -> 61 | C26: =VALUE("25"&B26)-543+3 -> 2021 | E26: 6188018 | F26: MR. | G26: PATTARAKRIT | H26: RATTANUKUL | I26: Pass IELTS | J26: 6 | K26: 6 | L26: 6.5 | M26: 5.5 | N26: 5.5 | S26: 42973 | T26: 43313 | W26: 085-529-2495 | X26: pattarakrit.rat@student.mahidol.ac.th | AC26: =TRIM(StudentScore[[#This Row],[Student Email]]) -> pattarakrit.rat@student.mahidol.ac.th
A27: 21 | B27: =VALUE(LEFT(E27,2)) -> 61 | C27: =VALUE("25"&B27)-543+3 -> 2021 | E27: 6188019 | F27: MR. | G27: THANAWAT | H27: RIAMLIW | I27: Pass MU Intensive | J27: 88 | T27: 44348 | W27: 098-046-9960 | X27: thanawat.ria@student.mahidol.ac.th | AC27: =TRIM(StudentScore[[#This Row],[Student Email]]) -> thanawat.ria@student.mahidol.ac.th
A28: 22 | B28: =VALUE(LEFT(E28,2)) -> 61 | C28: =VALUE("25"&B28)-543+3 -> 2021 | E28: 6188020 | F28: MR. | G28: CHANATHIP | H28: SIRISANGPAIVAL | I28: Pass MU Intensive | J28: 85 | T28: 44682 | W28: 089-490-0698 | X28: chanathip.sir@student.mahidol.ac.th | AC28: =TRIM(StudentScore[[#This Row],[Student Email]]) -> chanathip.sir@student.mahidol.ac.th
A29: 23 | B29: =VALUE(LEFT(E29,2)) -> 61 | C29: =VALUE("25"&B29)-543+3 -> 2021 | E29: 6188021 | F29: MR. | G29: RUKSAT | H29: SOLADDA | I29: Pass MU Intensive | J29: 77 | T29: 44531 | W29: 091-738-7893 | X29: ruksat.sol@student.mahidol.ac.th | AC29: =TRIM(StudentScore[[#This Row],[Student Email]]) -> ruksat.sol@student.mahidol.ac.th
A30: 24 | B30: =VALUE(LEFT(E30,2)) -> 61 | C30: =VALUE("25"&B30)-543+3 -> 2021 | E30: 6188022 | F30: MR. | G30: WEERAPHAT | H30: SRISUTHAM | I30: Pass MU Intensive | J30: 76 | T30: 44348 | W30: 086-889-1068 | X30: weeraphat.sri@student.mahidol.ac.th | AC30: =TRIM(StudentScore[[#This Row],[Student Email]]) -> weeraphat.sri@student.mahidol.ac.th
A31: 25 | B31: =VALUE(LEFT(E31,2)) -> 61 | C31: =VALUE("25"&B31)-543+3 -> 2021 | E31: 6188023 | F31: MISS | G31: PRAEWNAPA | H31: SUKHARANGSAN | I31: Pass TOEIC | J31: 620 | K31: 330 | L31: 290 | S31: 44090 | T31: 44075 | W31: 087-669-4207 | X31: praewnapa.suk@student.mahidol.ac.th | AC31: =TRIM(StudentScore[[#This Row],[Student Email]]) -> praewnapa.suk@student.mahidol.ac.th
A32: 26 | B32: =VALUE(LEFT(E32,2)) -> 61 | C32: =VALUE("25"&B32)-543+3 -> 2021 | E32: 6188024 | F32: MISS | G32: SUMUNA | H32: THAIJIA | I32: Pass MU Intensive | J32: 77 | T32: 44531 | W32: 084-864-9426 | X32: sumuna.tha@student.mahidol.ac.th | AC32: =TRIM(StudentScore[[#This Row],[Student Email]]) -> sumuna.tha@student.mahidol.ac.th
A33: 27 | B33: =VALUE(LEFT(E33,2)) -> 61 | C33: =VALUE("25"&B33)-543+3 -> 2021 | E33: 6188025 | F33: MISS | G33: ALISA | H33: UTHIKAMPORN | I33: Pass TOEIC | J33: 655 | K33: 345 | L33: 310 | S33: 43334 | T33: 43374 | W33: 080-448-8048 | X33: alisa.uth@student.mahidol.ac.th | AC33: =TRIM(StudentScore[[#This Row],[Student Email]]) -> alisa.uth@student.mahidol.ac.th
A34: 28 | B34: =VALUE(LEFT(E34,2)) -> 61 | C34: =VALUE("25"&B34)-543+3 -> 2021 | E34: 6188026 | F34: MR. | G34: PUMIPAT | H34: WATANAKULCHARUS | I34: Pass DUOLINGO | J34: 120 | O34: 120 | P34: 95 | Q34: 135 | R34: 75 | S34: 44680 | T34: 44683 | W34: 082-348-2305 | X34: pumipat.wat@student.mahidol.ac.th | Y34: 44683.89 | Z34: https://studentmahidolac.sharepoint.com/sites/AcademicTeam603/Shared%20Documents/%E0%B9%81%E0%B8%AD%E0%B8%9B/Microsoft%20Forms/English%20Proficiency%20Test%20for%20Graduation%20-%20English/Please%20attached%20the%20original%20score%20certificate/Duolingo%20English%20Test_PUMIPAT%20WATANAKULCHA.pdf | AC34: =TRIM(StudentScore[[#This Row],[Student Email]]) -> pumipat.wat@student.mahidol.ac.th
A35: 29 | B35: =VALUE(LEFT(E35,2)) -> 61 | C35: =VALUE("25"&B35)-543+3 -> 2021 | E35: 6188027 | F35: MISS | G35: SUPAKAN | H35: YODRUANGSA | I35: Pass TOEIC | J35: 820 | K35: 420 | L35: 400 | S35: 43880 | T35: 43862 | W35: 087-776-0028 | X35: supakan.yod@student.mahidol.ac.th | AC35: =TRIM(StudentScore[[#This Row],[Student Email]]) -> supakan.yod@student.mahidol.ac.th
A36: 30 | B36: =VALUE(LEFT(E36,2)) -> 61 | C36: =VALUE("25"&B36)-543+3 -> 2021 | E36: 6188028 | F36: MR. | G36: NATAKORN | H36: HONGHAN | I36: Pass MU Intensive | J36: 85 | T36: 44531 | W36: 088-095-0014 | X36: natakorn.hon@student.mahidol.ac.th | AC36: =TRIM(StudentScore[[#This Row],[Student Email]]) -> natakorn.hon@student.mahidol.ac.th
A37: 31 | B37: =VALUE(LEFT(E37,2)) -> 61 | C37: =VALUE("25"&B37)-543+3 -> 2021 | E37: 6188029 | F37: MR. | G37: NAPHAT | H37: KHAJOHN-UDOMRITH | I37: Pass MU Intensive | J37: 81 | T37: 44348 | W37: 095-947-4543 | X37: naphat.kha@student.mahidol.ac.th | AC37: =TRIM(StudentScore[[#This Row],[Student Email]]) -> naphat.kha@student.mahidol.ac.th
A38: 32 | B38: =VALUE(LEFT(E38,2)) -> 61 | C38: =VALUE("25"&B38)-543+3 -> 2021 | E38: 6188030 | F38: MR. | G38: RATTANUNT | H38: KUMPEERASART | I38: Pass MU Intensive | J38: 79 | T38: 44531 | W38: 083-854-2788 | X38: rattanunt.kum@student.mahidol.ac.th | AC38: =TRIM(StudentScore[[#This Row],[Student Email]]) -> rattanunt.kum@student.mahidol.ac.th
A39: 33 | B39: =VALUE(LEFT(E39,2)) -> 61 | C39: =VALUE("25"&B39)-543+3 -> 2021 | E39: 6188031 | F39: MISS | G39: THANYARAT | H39: KUNARITTIPOL | I39: Pass Duolingo | J39: 100 | O39: 95 | P39: 95 | Q39: 105 | R39: 85 | S39: 44585 | T39: 44631 | W39: 087-488-2263 | X39: thanyarat.kun@student.mahidol.ac.th | AC39: =TRIM(StudentScore[[#This Row],[Student Email]]) -> thanyarat.kun@student.mahidol.ac.th
A40: 34 | B40: =VALUE(LEFT(E40,2)) -> 61 | C40: =VALUE("25"&B40)-543+3 -> 2021 | E40: 6188033 | F40: MISS | G40: NUTTIDA | H40: NAPAKAS | I40: Pass MU Intensive | J40: 77 | T40: 44348 | W40: 061-013-1064 | X40: nuttida.nap@student.mahidol.ac.th | AC40: =TRIM(StudentScore[[#This Row],[Student Email]]) -> nuttida.nap@student.mahidol.ac.th
A41: 35 | B41: =VALUE(LEFT(E41,2)) -> 61 | C41: =VALUE("25"&B41)-543+3 -> 2021 | E41: 6188034 | F41: MR. | G41: SUPANAT | H41: NUMMUANG | I41: Resign | W41: 090-994-1085 | X41: supanat.num@student.mahidol.ac.th | AC41: =TRIM(StudentScore[[#This Row],[Student Email]]) -> supanat.num@student.mahidol.ac.th
A42: 36 | B42: =VALUE(LEFT(E42,2)) -> 61 | C42: =VALUE("25"&B42)-543+3 -> 2021 | E42: 6188035 | F42: MR. | G42: WARAT | H42: PHAT-IN | I42: Pass TOEIC | J42: 820 | K42: 425 | L42: 395 | S42: 43880 | T42: 43862 | W42: 081-368-0343 | X42: warat.pha@student.mahidol.ac.th | AC42: =TRIM(StudentScore[[#This Row],[Student Email]]) -> warat.pha@student.mahidol.ac.th
A43: 37 | B43: =VALUE(LEFT(E43,2)) -> 61 | C43: =VALUE("25"&B43)-543+3 -> 2021 | E43: 6188036 | F43: MISS | G43: THANATORN | H43: PRANGSRITHONG | I43: Pass TOEIC | J43: 665 | K43: 405 | L43: 260 | S43: 43880 | T43: 43862 | W43: 061-514-9644 | X43: thanatorn.pra@student.mahidol.ac.th | AC43: =TRIM(StudentScore[[#This Row],[Student Email]]) -> thanatorn.pra@student.mahidol.ac.th
A44: 38 | B44: =VALUE(LEFT(E44,2)) -> 61 | C44: =VALUE("25"&B44)-543+3 -> 2021 | E44: 6188037 | F44: MISS | G44: BOONYAWEE | H44: ROSJANAPIYAWONG | I44: Pass MU Intensive | J44: 75 | T44: 44348 | W44: 063-632-9929 | X44: boonyawee.ros@student.mahidol.ac.th | AC44: =TRIM(StudentScore[[#This Row],[Student Email]]) -> boonyawee.ros@student.mahidol.ac.th
A45: 39 | B45: =VALUE(LEFT(E45,2)) -> 61 | C45: =VALUE("25"&B45)-543+3 -> 2021 | E45: 6188038 | F45: MISS | G45: JANTARAWAN | H45: SAE-TAE | I45: Pass MU Intensive | J45: 77 | T45: 44348 | W45: 081-627-5699 | X45: jantarawan.sae@student.mahidol.ac.th | AC45: =TRIM(StudentScore[[#This Row],[Student Email]]) -> jantarawan.sae@student.mahidol.ac.th
A46: 40 | B46: =VALUE(LEFT(E46,2)) -> 61 | C46: =VALUE("25"&B46)-543+3 -> 2021 | E46: 6188039 | F46: MR. | G46: EKAPHAT | H46: SEAMTHONG | I46: Pass TOEIC | J46: 655 | K46: 305 | L46: 350 | S46: 44090 | T46: 44105 | W46: 099-936-2292 | X46: ekaphat.sea@student.mahidol.ac.th | AC46: =TRIM(StudentScore[[#This Row],[Student Email]]) -> ekaphat.sea@student.mahidol.ac.th
A47: 41 | B47: =VALUE(LEFT(E47,2)) -> 61 | C47: =VALUE("25"&B47)-543+3 -> 2021 | E47: 6188041 | F47: MR. | G47: ARIYA | H47: SONTRAPORNPOL | I47: Pass DUOLINGO | J47: 130 | O47: 140 | P47: 105 | Q47: 130 | R47: 100 | S47: 44689 | T47: 44692 | W47: 096-640-1115 | X47: ariya.son@student.mahidol.ac.th | Y47: 44692.689 | Z47: https://studentmahidolac.sharepoint.com/sites/AcademicTeam603/Shared%20Documents/%E0%B9%81%E0%B8%AD%E0%B8%9B/Microsoft%20Forms/English%20Proficiency%20Test%20for%20Graduation%20-%20English/Please%20attached%20the%20original%20score%20certificate/Ariya%20-%20Duolingo%20English%20Test_ARIYA%20SONTRAPORNPOL.pdf | AC47: =TRIM(StudentScore[[#This Row],[Student Email]]) -> ariya.son@student.mahidol.ac.th
A48: 42 | B48: =VALUE(LEFT(E48,2)) -> 61 | C48: =VALUE("25"&B48)-543+3 -> 2021 | E48: 6188042 | F48: MR. | G48: NATCHANON | H48: THANAWAREE | I48: Pass TOEIC | J48: 860 | K48: 440 | L48: 420 | S48: 43903 | T48: 44105 | W48: 081-551-9851 | X48: natchanon.tha@student.mahidol.ac.th | AC48: =TRIM(StudentScore[[#This Row],[Student Email]]) -> natchanon.tha@student.mahidol.ac.th
A49: 43 | B49: =VALUE(LEFT(E49,2)) -> 61 | C49: =VALUE("25"&B49)-543+3 -> 2021 | E49: 6188043 | F49: MR. | G49: KARIN | H49: VITOONKIJVANIT | I49: Resign | W49: 081-735-2117 | X49: karin.vit@student.mahidol.ac.th | AC49: =TRIM(StudentScore[[#This Row],[Student Email]]) -> karin.vit@student.mahidol.ac.th
A50: 44 | B50: =VALUE(LEFT(E50,2)) -> 61 | C50: =VALUE("25"&B50)-543+3 -> 2021 | E50: 6188044 | F50: MR. | G50: CHULAJAK | H50: WATANYOO | I50: Pass MU Intensive | J50: 88 | T50: 44682 | W50: 087-082-4455 | X50: chulajak.wat@student.mahidol.ac.th | AC50: =TRIM(StudentScore[[#This Row],[Student Email]]) -> chulajak.wat@student.mahidol.ac.th
A51: 45 | B51: =VALUE(LEFT(E51,2)) -> 61 | C51: =VALUE("25"&B51)-543+3 -> 2021 | E51: 6188045 | F51: MR. | G51: WAIWARIT | H51: WONGSAWANGPANICH | I51: Pass IELTS | J51: 5.5 | K51: 5.5 | L51: 6 | M51: 5 | N51: 5.5 | S51: 43134 | T51: 43313 | W51: 091-835-6199 | X51: waiwarit.wog@student.mahidol.ac.th | AC51: =TRIM(StudentScore[[#This Row],[Student Email]]) -> waiwarit.wog@student.mahidol.ac.th
A52: 46 | B52: =VALUE(LEFT(E52,2)) -> 61 | C52: =VALUE("25"&B52)-543+3 -> 2021 | E52: 6188046 | F52: MISS | G52: JIRACHAYA | H52: WONGSUPPAKARN | I52: Pass MU Intensive | J52: 93 | T52: 44348 | W52: 094-873-7960 | X52: jirachaya.won@student.mahidol.ac.th | AC52: =TRIM(StudentScore[[#This Row],[Student Email]]) -> jirachaya.won@student.mahidol.ac.th
A53: 47 | B53: =VALUE(LEFT(E53,2)) -> 61 | C53: =VALUE("25"&B53)-543+3 -> 2021 | E53: 6188047 | F53: MISS | G53: PUCHARAPIMON | H53: ARUNPUNPORN | I53: Pass TOEIC | J53: 720 | K53: 390 | L53: 330 | S53: 44090 | T53: 44075 | W53: 085-222-9456 | X53: pucharapimon.aru@student.mahidol.ac.th | AC53: =TRIM(StudentScore[[#This Row],[Student Email]]) -> pucharapimon.aru@student.mahidol.ac.th
A54: 48 | B54: =VALUE(LEFT(E54,2)) -> 61 | C54: =VALUE("25"&B54)-543+3 -> 2021 | E54: 6188049 | F54: MISS | G54: KANRAWEE | H54: CHIAMSAKUL | I54: Pass TOEIC | J54: 905 | K54: 495 | L54: 410 | S54: 43880 | T54: 43862 | W54: 082-591-4546 | X54: kanrawee.chi@student.mahidol.ac.th | AC54: =TRIM(StudentScore[[#This Row],[Student Email]]) -> kanrawee.chi@student.mahidol.ac.th
A55: 49 | B55: =VALUE(LEFT(E55,2)) -> 61 | C55: =VALUE("25"&B55)-543+3 -> 2021 | E55: 6188050 | F55: MISS | G55: WONGCHANOK | H55: DEVAKULA NA AYUDHYA | I55: Pass MU Intensive | J55: 89 | T55: 44531 | W55: 064-324-2320 | X55: wongchanok.dev@student.mahidol.ac.th | AC55: =TRIM(StudentScore[[#This Row],[Student Email]]) -> wongchanok.dev@student.mahidol.ac.th
A56: 50 | B56: =VALUE(LEFT(E56,2)) -> 61 | C56: =VALUE("25"&B56)-543+3 -> 2021 | E56: 6188052 | F56: MISS | G56: PAPHAWARIN | H56: KANCHANAPIBOON | I56: Pass TOEIC | J56: 640 | K56: 350 | L56: 290 | S56: 44153 | T56: 44136 | W56: 098-145-6395 | X56: paphawarin.kan@student.mahidol.ac.th | AC56: =TRIM(StudentScore[[#This Row],[Student Email]]) -> paphawarin.kan@student.mahidol.ac.th
A57: 51 | B57: =VALUE(LEFT(E57,2)) -> 61 | C57: =VALUE("25"&B57)-543+3 -> 2021 | E57: 6188053 | F57: MISS | G57: THIPWARA | H57: KARPHONDEE | I57: Pass TOEIC | J57: 680 | K57: 390 | L57: 290 | S57: 44153 | T57: 44136 | W57: 090-963-9202 | X57: thipwara.kar@student.mahidol.ac.th | AC57: =TRIM(StudentScore[[#This Row],[Student Email]]) -> thipwara.kar@student.mahidol.ac.th
A58: 52 | B58: =VALUE(LEFT(E58,2)) -> 61 | C58: =VALUE("25"&B58)-543+3 -> 2021 | E58: 6188054 | F58: MR. | G58: SUPHANAT | H58: LIMPAARAYAKUL | I58: Pass MU Intensive | J58: 85 | T58: 44531 | W58: 089-931-4723 | X58: suphanat.lim@student.mahidol.ac.th | AC58: =TRIM(StudentScore[[#This Row],[Student Email]]) -> suphanat.lim@student.mahidol.ac.th
A59: 53 | B59: =VALUE(LEFT(E59,2)) -> 61 | C59: =VALUE("25"&B59)-543+3 -> 2021 | E59: 6188055 | F59: MR. | G59: MANGKHALES | H59: NGAMJARUSKOTCHAKORN | I59: Pass MU Intensive | J59: 95 | T59: 44348 | W59: 090-983-4037 | X59: mangkhales.nga@student.mahidol.ac.th | AC59: =TRIM(StudentScore[[#This Row],[Student Email]]) -> mangkhales.nga@student.mahidol.ac.th
A60: 54 | B60: =VALUE(LEFT(E60,2)) -> 61 | C60: =VALUE("25"&B60)-543+3 -> 2021 | E60: 6188056 | F60: MR. | G60: SUPACHOK | H60: PHOLJIRAMONGKOL | I60: Pass TOEIC | J60: 700 | K60: 375 | L60: 325 | S60: 43880 | T60: 43862 | W60: 085-118-5090 | X60: supachok.pho@student.mahidol.ac.th | AC60: =TRIM(StudentScore[[#This Row],[Student Email]]) -> supachok.pho@student.mahidol.ac.th
A61: 55 | B61: =VALUE(LEFT(E61,2)) -> 61 | C61: =VALUE("25"&B61)-543+3 -> 2021 | E61: 6188057 | F61: MR. | G61: KRITCHANOK | H61: PONGWITTHAYAKUL | I61: Pass MU Intensive | J61: 75 | T61: 44348 | W61: 084-169-4555 | X61: kritchanok.pon@student.mahidol.ac.th | AC61: =TRIM(StudentScore[[#This Row],[Student Email]]) -> kritchanok.pon@student.mahidol.ac.th
A62: 56 | B62: =VALUE(LEFT(E62,2)) -> 61 | C62: =VALUE("25"&B62)-543+3 -> 2021 | E62: 6188058 | F62: MISS | G62: HATHAICHANOK | H62: POTIVARA | I62: Pass TOEIC | J62: 740 | K62: 445 | L62: 295 | S62: 43796 | T62: 43770 | W62: 095-952-1087 | X62: hathaichanok.pot@student.mahidol.ac.th | AC62: =TRIM(StudentScore[[#This Row],[Student Email]]) -> hathaichanok.pot@student.mahidol.ac.th
A63: 57 | B63: =VALUE(LEFT(E63,2)) -> 61 | C63: =VALUE("25"&B63)-543+3 -> 2021 | E63: 6188059 | F63: MISS | G63: THANAPORN | H63: PUENGPIPATTRAKOOL | I63: Pass TOEIC | J63: 635 | K63: 345 | L63: 290 | S63: 43880 | T63: 43862 | W63: 092-538-9953 | X63: thanaporn.pug@student.mahidol.ac.th | AC63: =TRIM(StudentScore[[#This Row],[Student Email]]) -> thanaporn.pug@student.mahidol.ac.th
A64: 58 | B64: =VALUE(LEFT(E64,2)) -> 61 | C64: =VALUE("25"&B64)-543+3 -> 2021 | E64: 6188060 | F64: MR. | G64: TANADON | H64: SANGKHATORN | I64: Pass MU Intensive | J64: 88 | T64: 44531 | W64: 091-045-1814 | X64: tanadon.san@student.mahidol.ac.th | AC64: =TRIM(StudentScore[[#This Row],[Student Email]]) -> tanadon.san@student.mahidol.ac.th
A65: 59 | B65: =VALUE(LEFT(E65,2)) -> 61 | C65: =VALUE("25"&B65)-543+3 -> 2021 | E65: 6188061 | F65: MR. | G65: WORAMETH | H65: SIRITANAKORN | I65: Pass Duolingo | J65: 135 | S65: 44480 | T65: 44440 | W65: 091-851-2564 | X65: worameth.sir@student.mahidol.ac.th | AC65: =TRIM(StudentScore[[#This Row],[Student Email]]) -> worameth.sir@student.mahidol.ac.th
A66: 60 | B66: =VALUE(LEFT(E66,2)) -> 61 | C66: =VALUE("25"&B66)-543+3 -> 2021 | E66: 6188062 | F66: MR. | G66: PHONARNUN | H66: TATIYAMANEEKUL | I66: Pass IELTS | J66: 5.5 | K66: 5 | L66: 5 | M66: 6 | N66: 5.5 | S66: 43085 | T66: 43313 | W66: 085-088-0365 | X66: phonarnun.tai@student.mahidol.ac.th | AC66: =TRIM(StudentScore[[#This Row],[Student Email]]) -> phonarnun.tai@student.mahidol.ac.th
A67: 61 | B67: =VALUE(LEFT(E67,2)) -> 61 | C67: =VALUE("25"&B67)-543+3 -> 2021 | E67: 6188063 | F67: MISS | G67: THANJIRA | H67: TORCHAROEN | I67: Pass TOEIC | J67: 795 | K67: 400 | L67: 395 | S67: 44090 | T67: 44105 | W67: 088-229-9973 | X67: thanjira.tor@student.mahidol.ac.th | AC67: =TRIM(StudentScore[[#This Row],[Student Email]]) -> thanjira.tor@student.mahidol.ac.th
A68: 62 | B68: =VALUE(LEFT(E68,2)) -> 61 | C68: =VALUE("25"&B68)-543+3 -> 2021 | E68: 6188064 | F68: MR. | G68: SRITHPONG | H68: UDOMMONGCOLKIT | I68: Pass IELTS | J68: 7.5 | K68: 9 | L68: 8 | M68: 6.5 | N68: 6.5 | S68: 43022 | T68: 43344 | W68: 092-253-7876 | X68: srithpong.udo@student.mahidol.ac.th | AC68: =TRIM(StudentScore[[#This Row],[Student Email]]) -> srithpong.udo@student.mahidol.ac.th
A69: 63 | B69: =VALUE(LEFT(E69,2)) -> 61 | C69: =VALUE("25"&B69)-543+3 -> 2021 | E69: 6188065 | F69: MISS | G69: PREECHAYA | H69: WANNABHOOM | I69: Pass TOEIC | J69: 920 | K69: 490 | L69: 430 | S69: 44175 | T69: 44166 | W69: 082-795-8467 | X69: preechaya.wan@student.mahidol.ac.th | AC69: =TRIM(StudentScore[[#This Row],[Student Email]]) -> preechaya.wan@student.mahidol.ac.th
A70: 64 | B70: =VALUE(LEFT(E70,2)) -> 61 | C70: =VALUE("25"&B70)-543+3 -> 2021 | E70: 6188066 | F70: MR. | G70: PHAKIN | H70: A-YAMUANG | I70: Pass MU Intensive | J70: 93 | T70: 44531 | W70: 098-263-6863 | X70: phakin.aya@student.mahidol.ac.th | AC70: =TRIM(StudentScore[[#This Row],[Student Email]]) -> phakin.aya@student.mahidol.ac.th
A71: 65 | B71: =VALUE(LEFT(E71,2)) -> 61 | C71: =VALUE("25"&B71)-543+3 -> 2021 | E71: 6188067 | F71: MR. | G71: KRITTIPATT | H71: CHAIYABUD | I71: Pass MU Intensive | J71: 87 | T71: 44348 | W71: 094-453-5123 | X71: krittipatt.cha@student.mahidol.ac.th | AC71: =TRIM(StudentScore[[#This Row],[Student Email]]) -> krittipatt.cha@student.mahidol.ac.th
A72: 66 | B72: =VALUE(LEFT(E72,2)) -> 61 | C72: =VALUE("25"&B72)-543+3 -> 2021 | E72: 6188068 | F72: MR. | G72: THARIT | H72: CHANTANALERTVILAI | I72: Pass TOEIC | J72: 755 | K72: 395 | L72: 360 | S72: 43880 | T72: 43862 | W72: 097-215-9098 | X72: tharit.cha@student.mahidol.ac.th | AC72: =TRIM(StudentScore[[#This Row],[Student Email]]) -> tharit.cha@student.mahidol.ac.th
A73: 67 | B73: =VALUE(LEFT(E73,2)) -> 61 | C73: =VALUE("25"&B73)-543+3 -> 2021 | E73: 6188069 | F73: MR. | G73: CHAYAPON | H73: CHANTRASAGUL | I73: Pass Duolingo | J73: 115 | S73: 44480 | T73: 44440 | W73: 090-784-6431 | X73: chayapon.cha@student.mahidol.ac.th | AC73: =TRIM(StudentScore[[#This Row],[Student Email]]) -> chayapon.cha@student.mahidol.ac.th
A74: 68 | B74: =VALUE(LEFT(E74,2)) -> 61 | C74: =VALUE("25"&B74)-543+3 -> 2021 | E74: 6188071 | F74: MISS | G74: BENYAPHA | H74: CHEEWAPANICH | I74: Pass TOEIC | J74: 730 | K74: 390 | L74: 340 | S74: 43880 | T74: 43862 | W74: 086-973-9449 | X74: benyapha.che@student.mahidol.ac.th | AC74: =TRIM(StudentScore[[#This Row],[Student Email]]) -> benyapha.che@student.mahidol.ac.th
A75: 69 | B75: =VALUE(LEFT(E75,2)) -> 61 | C75: =VALUE("25"&B75)-543+3 -> 2021 | E75: 6188072 | F75: MISS | G75: SUPITCHAYA | H75: DREEMATURAKUL | I75: Pass TOEIC | J75: 805 | K75: 395 | L75: 410 | S75: 43880 | T75: 43862 | W75: 081-685-5608 | X75: supitchaya.dre@student.mahidol.ac.th | AC75: =TRIM(StudentScore[[#This Row],[Student Email]]) -> supitchaya.dre@student.mahidol.ac.th
A76: 70 | B76: =VALUE(LEFT(E76,2)) -> 61 | C76: =VALUE("25"&B76)-543+3 -> 2021 | E76: 6188073 | F76: MR. | G76: SUPAWEE | H76: FOITONG | I76: Pass MU Intensive | J76: 76 | T76: 44531 | W76: 089-703-6713 | X76: supawee.foi@student.mahidol.ac.th | AC76: =TRIM(StudentScore[[#This Row],[Student Email]]) -> supawee.foi@student.mahidol.ac.th
A77: 71 | B77: =VALUE(LEFT(E77,2)) -> 61 | C77: =VALUE("25"&B77)-543+3 -> 2021 | E77: 6188074 | F77: MISS | G77: NANNAPHAT | H77: JIRATHIYUT | I77: Pass TOEIC | J77: 910 | K77: 485 | L77: 425 | S77: 43880 | T77: 43862 | W77: 062-738-5553 | X77: nannaphat.jir@student.mahidol.ac.th | AC77: =TRIM(StudentScore[[#This Row],[Student Email]]) -> nannaphat.jir@student.mahidol.ac.th
A78: 72 | B78: =VALUE(LEFT(E78,2)) -> 61 | C78: =VALUE("25"&B78)-543+3 -> 2021 | E78: 6188075 | F78: MR. | G78: THANYANIT | H78: JONGJITRAGAN | I78: Pass IELTS | J78: 6 | K78: 6.5 | L78: 6.5 | M78: 5.5 | N78: 6 | S78: 42903 | T78: 43313 | W78: 098-586-9865 | X78: thanyanit.jon@student.mahidol.ac.th | AC78: =TRIM(StudentScore[[#This Row],[Student Email]]) -> thanyanit.jon@student.mahidol.ac.th
A79: 73 | B79: =VALUE(LEFT(E79,2)) -> 61 | C79: =VALUE("25"&B79)-543+3 -> 2021 | E79: 6188076 | F79: MISS | G79: PICHAMOL | H79: JUMNIENPHET | I79: Resign | W79: 089-083-7514 | X79: pichamol.jun@student.mahidol.ac.th | AC79: =TRIM(StudentScore[[#This Row],[Student Email]]) -> pichamol.jun@student.mahidol.ac.th
A80: 74 | B80: =VALUE(LEFT(E80,2)) -> 61 | C80: =VALUE("25"&B80)-543+3 -> 2021 | E80: 6188077 | F80: MR. | G80: TEEKAWIN | H80: KIRDSAENG | I80: Pass MU Intensive | J80: 89 | T80: 44348 | W80: 097-205-5551 | X80: teekawin.kir@student.mahidol.ac.th | AC80: =TRIM(StudentScore[[#This Row],[Student Email]]) -> teekawin.kir@student.mahidol.ac.th
A81: 75 | B81: =VALUE(LEFT(E81,2)) -> 61 | C81: =VALUE("25"&B81)-543+3 -> 2021 | E81: 6188078 | F81: MR. | G81: THANAPON | H81: LUANGKRENGKRAI | I81: Pass MU Intensive | J81: 75 | T81: 44531 | W81: 092-862-5566 | X81: thanapon.lua@student.mahidol.ac.th | AC81: =TRIM(StudentScore[[#This Row],[Student Email]]) -> thanapon.lua@student.mahidol.ac.th
A82: 76 | B82: =VALUE(LEFT(E82,2)) -> 61 | C82: =VALUE("25"&B82)-543+3 -> 2021 | E82: 6188079 | F82: MR. | G82: TRIN | H82: NUCHCHAROEN | I82: Resign | W82: 082-591-9688 | X82: trin.nuc@student.mahidol.ac.th | AC82: =TRIM(StudentScore[[#This Row],[Student Email]]) -> trin.nuc@student.mahidol.ac.th
A83: 77 | B83: =VALUE(LEFT(E83,2)) -> 61 | C83: =VALUE("25"&B83)-543+3 -> 2021 | E83: 6188080 | F83: MR. | G83: SARUN | H83: JUNBANG | I83: Pass MU Intensive | J83: 94 | T83: 44348 | W83: 081-943-6141 | X83: sarun.jun@student.mahidol.ac.th | AC83: =TRIM(StudentScore[[#This Row],[Student Email]]) -> sarun.jun@student.mahidol.ac.th
A84: 78 | B84: =VALUE(LEFT(E84,2)) -> 61 | C84: =VALUE("25"&B84)-543+3 -> 2021 | E84: 6188081 | F84: MR. | G84: SARIT | H84: OPASPAKORNKIJ | I84: Pass TOEFL | J84: 527 | K84: 57 | L84: 53 | M84: 48 | S84: 44376 | T84: 44378 | W84: 089-170-6064 | X84: sarit.opa@student.mahidol.ac.th | AC84: =TRIM(StudentScore[[#This Row],[Student Email]]) -> sarit.opa@student.mahidol.ac.th
A85: 79 | B85: =VALUE(LEFT(E85,2)) -> 61 | C85: =VALUE("25"&B85)-543+3 -> 2021 | E85: 6188082 | F85: MR. | G85: PARAMIN | H85: PHOKABUTR | I85: Pass MU Intensive | J85: 76 | T85: 44531 | W85: 089-888-4849 | X85: paramin.pha@student.mahidol.ac.th | AC85: =TRIM(StudentScore[[#This Row],[Student Email]]) -> paramin.pha@student.mahidol.ac.th
A86: 80 | B86: =VALUE(LEFT(E86,2)) -> 61 | C86: =VALUE("25"&B86)-543+3 -> 2021 | E86: 6188083 | F86: MR. | G86: KUNTHORN | H86: PHONGLUELERT | I86: Pass TOEIC | J86: 905 | K86: 495 | L86: 410 | S86: 42964 | T86: 43678 | W86: 086-331-1170 | X86: kunthorn.pho@student.mahidol.ac.th | AC86: =TRIM(StudentScore[[#This Row],[Student Email]]) -> kunthorn.pho@student.mahidol.ac.th
A87: 81 | B87: =VALUE(LEFT(E87,2)) -> 61 | C87: =VALUE("25"&B87)-543+3 -> 2021 | E87: 6188084 | F87: MISS | G87: ANANYA | H87: PINEDO BELLO | I87: Pass TOEIC | J87: 845 | K87: 470 | L87: 375 | S87: 43880 | T87: 43891 | W87: 081-746-0970 | X87: ananya.pin@student.mahidol.ac.th | AC87: =TRIM(StudentScore[[#This Row],[Student Email]]) -> ananya.pin@student.mahidol.ac.th
A88: 82 | B88: =VALUE(LEFT(E88,2)) -> 61 | C88: =VALUE("25"&B88)-543+3 -> 2021 | E88: 6188085 | F88: MR. | G88: CHOTIVIT | H88: PITIPANJAPHAIBOON | I88: Pass MU Intensive | J88: 81 | T88: 44348 | W88: 086-990-7289 | X88: chotivit.pit@student.mahidol.ac.th | AC88: =TRIM(StudentScore[[#This Row],[Student Email]]) -> chotivit.pit@student.mahidol.ac.th
A89: 83 | B89: =VALUE(LEFT(E89,2)) -> 61 | C89: =VALUE("25"&B89)-543+3 -> 2021 | E89: 6188086 | F89: MR. | G89: KITTIKORN | H89: KEERATIKRIANGKRAI | I89: Pass MU Intensive | J89: 83 | T89: 44348 | W89: 098-258-4884 | X89: kittikorn.kee@student.mahidol.ac.th | AC89: =TRIM(StudentScore[[#This Row],[Student Email]]) -> kittikorn.kee@student.mahidol.ac.th
A90: 84 | B90: =VALUE(LEFT(E90,2)) -> 61 | C90: =VALUE("25"&B90)-543+3 -> 2021 | E90: 6188088 | F90: MISS | G90: NONGLAK | H90: RATTANASETTAWANIT | I90: Pass MU Intensive | J90: 89 | T90: 44348 | W90: 099-185-9325 | X90: nonglak.rat@student.mahidol.ac.th | AC90: =TRIM(StudentScore[[#This Row],[Student Email]]) -> nonglak.rat@student.mahidol.ac.th
A91: 85 | B91: =VALUE(LEFT(E91,2)) -> 61 | C91: =VALUE("25"&B91)-543+3 -> 2021 | E91: 6188089 | F91: MISS | G91: NATTAWIPA | H91: SAETAE | I91: Pass MU Intensive | J91: 81 | T91: 44348 | W91: 085-112-3939 | X91: nattawipa.sae@student.mahidol.ac.th | AC91: =TRIM(StudentScore[[#This Row],[Student Email]]) -> nattawipa.sae@student.mahidol.ac.th
A92: 86 | B92: =VALUE(LEFT(E92,2)) -> 61 | C92: =VALUE("25"&B92)-543+3 -> 2021 | E92: 6188090 | F92: MR. | G92: NAPAT | H92: SIRICHAN | I92: Pass MU Intensive | J92: 78 | T92: 44348 | W92: 081-815-6829 | X92: napat.sic@student.mahidol.ac.th | AC92: =TRIM(StudentScore[[#This Row],[Student Email]]) -> napat.sic@student.mahidol.ac.th
A93: 87 | B93: =VALUE(LEFT(E93,2)) -> 61 | C93: =VALUE("25"&B93)-543+3 -> 2021 | E93: 6188091 | F93: MISS | G93: KAMUPSORN | H93: SANSUK | I93: Pass MU Intensive | J93: 75 | T93: 44348 | W93: 083-889-7391 | X93: kamupsorn.san@student.mahidol.ac.th | AC93: =TRIM(StudentScore[[#This Row],[Student Email]]) -> kamupsorn.san@student.mahidol.ac.th
A94: 88 | B94: =VALUE(LEFT(E94,2)) -> 61 | C94: =VALUE("25"&B94)-543+3 -> 2021 | E94: 6188092 | F94: MR. | G94: KONGPOP | H94: SOMSIRITHAM | I94: Pass MU Intensive | J94: 85 | T94: 44348 | W94: 087-107-1696 | X94: kongpop.som@student.mahidol.ac.th | AC94: =TRIM(StudentScore[[#This Row],[Student Email]]) -> kongpop.som@student.mahidol.ac.th
A95: 89 | B95: =VALUE(LEFT(E95,2)) -> 61 | C95: =VALUE("25"&B95)-543+3 -> 2021 | E95: 6188093 | F95: MR. | G95: NATTAPONG | H95: SONGSAKSRI | I95: Pass TOEIC | J95: 625 | K95: 335 | L95: 290 | S95: 43880 | T95: 43891 | W95: 087-784-9449 | X95: nattapong.son@student.mahidol.ac.th | AC95: =TRIM(StudentScore[[#This Row],[Student Email]]) -> nattapong.son@student.mahidol.ac.th
A96: 90 | B96: =VALUE(LEFT(E96,2)) -> 61 | C96: =VALUE("25"&B96)-543+3 -> 2021 | E96: 6188094 | F96: MISS | G96: PAKAPHORN | H96: VITAYAVIJIT | I96: Resign | W96: 095-763-3003 | X96: pakaphorn.vit@student.mahidol.ac.th | AC96: =TRIM(StudentScore[[#This Row],[Student Email]]) -> pakaphorn.vit@student.mahidol.ac.th
A97: 91 | B97: =VALUE(LEFT(E97,2)) -> 61 | C97: =VALUE("25"&B97)-543+3 -> 2021 | E97: 6188095 | F97: MISS | G97: TANYALAK | H97: SRIANONG | I97: Pass Duolingo | J97: 90 | S97: 44352 | T97: 44348 | W97: 097-084-4999 | X97: tanyalak.sra@student.mahidol.ac.th | AC97: =TRIM(StudentScore[[#This Row],[Student Email]]) -> tanyalak.sra@student.mahidol.ac.th
A98: 92 | B98: =VALUE(LEFT(E98,2)) -> 61 | C98: =VALUE("25"&B98)-543+3 -> 2021 | E98: 6188096 | F98: MISS | G98: WARANGKHANA | H98: SRICHAN | I98: Pass IELTS | J98: 6 | K98: 6 | L98: 5 | M98: 5.5 | N98: 6.5 | S98: 43013 | T98: 43313 | W98: 080-166-7395 | X98: warangkhana.src@student.mahidol.ac.th | AC98: =TRIM(StudentScore[[#This Row],[Student Email]]) -> warangkhana.src@student.mahidol.ac.th
A99: 93 | B99: =VALUE(LEFT(E99,2)) -> 61 | C99: =VALUE("25"&B99)-543+3 -> 2021 | E99: 6188097 | F99: MR. | G99: WARAKRON | H99: SRIKASEM | I99: Resign | W99: 094-486-1801 | X99: warakron.sri@student.mahidol.ac.th | AC99: =TRIM(StudentScore[[#This Row],[Student Email]]) -> warakron.sri@student.mahidol.ac.th
A100: 94 | B100: =VALUE(LEFT(E100,2)) -> 61 | C100: =VALUE("25"&B100)-543+3 -> 2021 | E100: 6188098 | F100: MR. | G100: KANITIN | H100: YUENYONG | I100: Resign | W100: 097-140-4184 | X100: kanitin.yue@student.mahidol.ac.th | AC100: =TRIM(StudentScore[[#This Row],[Student Email]]) -> kanitin.yue@student.mahidol.ac.th
...

Sheet Subtitute
A1: Title | B1: ShowinReport
A2: Pass TOEIC | B2: 1
A3: Pass TOEFL | B3: 1
A4: Pass IELTS | B4: 1
A5: Pass MUELT | B5: 1
A6: Pass Duolingo | B6: 1
A7: Resign | B7: 0
A8: Not Pass | B8: 1
A9: Pass MU Intensive | B9: 1

Sheet Summary
A1: Table Summary Score : For Student | E1: Table Summary Score : For Administrator
A2: StdYear | B2: Category | C2: Value | E2: StdYear | F2: Category | G2: Program | H2: Value
A3: 60 | B3: Pass TOEIC | C3: =COUNTIFS(Student_ICT!I:I,Summary!$B3,Student_ICT!$B:$B,Summary!$A3) -> 0 | E3: 60 | F3: Pass TOEIC | G3: ICT | H3: =COUNTIFS(Student_ICT!$I:$I,Summary!$F3,Student_ICT!$B:$B,Summary!$E3,Student_ICT!$D:$D,Summary!$G3) -> 0
A4: 60 | B4: Pass TOEFL | C4: =COUNTIFS(Student_ICT!I:I,Summary!$B4,Student_ICT!$B:$B,Summary!$A4) -> 0 | E4: 60 | F4: Pass TOEFL | G4: ICT | H4: =COUNTIFS(Student_ICT!$I:$I,Summary!$F4,Student_ICT!$B:$B,Summary!$E4,Student_ICT!$D:$D,Summary!$G4) -> 0
A5: 60 | B5: Pass IELTS | C5: =COUNTIFS(Student_ICT!I:I,Summary!$B5,Student_ICT!$B:$B,Summary!$A5) -> 0 | E5: 60 | F5: Pass IELTS | G5: ICT | H5: =COUNTIFS(Student_ICT!$I:$I,Summary!$F5,Student_ICT!$B:$B,Summary!$E5,Student_ICT!$D:$D,Summary!$G5) -> 0
A6: 60 | B6: Pass MUELT | C6: =COUNTIFS(Student_ICT!I:I,Summary!$B6,Student_ICT!$B:$B,Summary!$A6) -> 0 | E6: 60 | F6: Pass MUELT | G6: ICT | H6: =COUNTIFS(Student_ICT!$I:$I,Summary!$F6,Student_ICT!$B:$B,Summary!$E6,Student_ICT!$D:$D,Summary!$G6) -> 0
A7: 60 | B7: Pass Duolingo | C7: =COUNTIFS(Student_ICT!I:I,Summary!$B7,Student_ICT!$B:$B,Summary!$A7) -> 0 | E7: 60 | F7: Pass Duolingo | G7: ICT | H7: =COUNTIFS(Student_ICT!$I:$I,Summary!$F7,Student_ICT!$B:$B,Summary!$E7,Student_ICT!$D:$D,Summary!$G7) -> 0
A8: 60 | B8: Not Pass | C8: =COUNTIFS(Student_ICT!I:I,Summary!$B8,Student_ICT!$B:$B,Summary!$A8) -> 0 | E8: 60 | F8: Not Pass | G8: ICT | H8: =COUNTIFS(Student_ICT!$I:$I,Summary!$F8,Student_ICT!$B:$B,Summary!$E8,Student_ICT!$D:$D,Summary!$G8) -> 0
A9: 61 | B9: Pass TOEIC | C9: =COUNTIFS(Student_ICT!I:I,Summary!$B9,Student_ICT!$B:$B,Summary!$A9) -> 36 | E9: 60 | F9: Resign | G9: ICT | H9: =COUNTIFS(Student_ICT!$I:$I,Summary!$F9,Student_ICT!$B:$B,Summary!$E9,Student_ICT!$D:$D,Summary!$G9) -> 0
A10: 61 | B10: Pass TOEFL | C10: =COUNTIFS(Student_ICT!I:I,Summary!$B10,Student_ICT!$B:$B,Summary!$A10) -> 4 | E10: 60 | F10: Pass TOEIC | G10: DST | H10: =COUNTIFS(Student_ICT!$I:$I,Summary!$F10,Student_ICT!$B:$B,Summary!$E10,Student_ICT!$D:$D,Summary!$G10) -> 0
A11: 61 | B11: Pass IELTS | C11: =COUNTIFS(Student_ICT!I:I,Summary!$B11,Student_ICT!$B:$B,Summary!$A11) -> 13 | E11: 60 | F11: Pass TOEFL | G11: DST | H11: =COUNTIFS(Student_ICT!$I:$I,Summary!$F11,Student_ICT!$B:$B,Summary!$E11,Student_ICT!$D:$D,Summary!$G11) -> 0
A12: 61 | B12: Pass MUELT | C12: =COUNTIFS(Student_ICT!I:I,Summary!$B12,Student_ICT!$B:$B,Summary!$A12) -> 0 | E12: 60 | F12: Pass IELTS | G12: DST | H12: =COUNTIFS(Student_ICT!$I:$I,Summary!$F12,Student_ICT!$B:$B,Summary!$E12,Student_ICT!$D:$D,Summary!$G12) -> 0
A13: 61 | B13: Pass Duolingo | C13: =COUNTIFS(Student_ICT!I:I,Summary!$B13,Student_ICT!$B:$B,Summary!$A13) -> 7 | E13: 60 | F13: Pass MUELT | G13: DST | H13: =COUNTIFS(Student_ICT!$I:$I,Summary!$F13,Student_ICT!$B:$B,Summary!$E13,Student_ICT!$D:$D,Summary!$G13) -> 0
A14: 61 | B14: Not Pass | C14: =COUNTIFS(Student_ICT!I:I,Summary!$B14,Student_ICT!$B:$B,Summary!$A14) -> 4 | E14: 60 | F14: Pass Duolingo | G14: DST | H14: =COUNTIFS(Student_ICT!$I:$I,Summary!$F14,Student_ICT!$B:$B,Summary!$E14,Student_ICT!$D:$D,Summary!$G14) -> 0
... A32: 64 | B32: Not Pass | C32: =COUNTIFS(Student_ICT!I:I,Summary!$B32,Student_ICT!$B:$B,Summary!$A32) -> 116 | E32: 61 | F32: Resign | G32: DST | H32: =COUNTIFS(Student_ICT!$I:$I,Summary!$F32,Student_ICT!$B:$B,Summary!$E32,Student_ICT!$D:$D,Summary!$G32) -> 0
E33: 62 | F33: Pass TOEIC | G33: ICT | H33: =COUNTIFS(Student_ICT!$I:$I,Summary!$F33,Student_ICT!$B:$B,Summary!$E33,Student_ICT!$D:$D,Summary!$G33) -> 0
E34: 62 | F34: Pass TOEFL | G34: ICT | H34: =COUNTIFS(Student_ICT!$I:$I,Summary!$F34,Student_ICT!$B:$B,Summary!$E34,Student_ICT!$D:$D,Summary!$G34) -> 0
E35: 62 | F35: Pass IELTS | G35: ICT | H35: =COUNTIFS(Student_ICT!$I:$I,Summary!$F35,Student_ICT!$B:$B,Summary!$E35,Student_ICT!$D:$D,Summary!$G35) -> 0
E36: 62 | F36: Pass MUELT | G36: ICT | H36: =COUNTIFS(Student_ICT!$I:$I,Summary!$F36,Student_ICT!$B:$B,Summary!$E36,Student_ICT!$D:$D,Summary!$G36) -> 0
E37: 62 | F37: Pass Duolingo | G37: ICT | H37: =COUNTIFS(Student_ICT!$I:$I,Summary!$F37,Student_ICT!$B:$B,Summary!$E37,Student_ICT!$D:$D,Summary!$G37) -> 0
E38: 62 | F38: Not Pass | G38: ICT | H38: =COUNTIFS(Student_ICT!$I:$I,Summary!$F38,Student_ICT!$B:$B,Summary!$E38,Student_ICT!$D:$D,Summary!$G38) -> 0
E39: 62 | F39: Resign | G39: ICT | H39: =COUNTIFS(Student_ICT!$I:$I,Summary!$F39,Student_ICT!$B:$B,Summary!$E39,Student_ICT!$D:$D,Summary!$G39) -> 0
E40: 62 | F40: Pass TOEIC | G40: DST | H40: =COUNTIFS(Student_ICT!$I:$I,Summary!$F40,Student_ICT!$B:$B,Summary!$E40,Student_ICT!$D:$D,Summary!$G40) -> 0
E41: 62 | F41: Pass TOEFL | G41: DST | H41: =COUNTIFS(Student_ICT!$I:$I,Summary!$F41,Student_ICT!$B:$B,Summary!$E41,Student_ICT!$D:$D,Summary!$G41) -> 0
E42: 62 | F42: Pass IELTS | G42: DST | H42: =COUNTIFS(Student_ICT!$I:$I,Summary!$F42,Student_ICT!$B:$B,Summary!$E42,Student_ICT!$D:$D,Summary!$G42) -> 0
E43: 62 | F43: Pass MUELT | G43: DST | H43: =COUNTIFS(Student_ICT!$I:$I,Summary!$F43,Student_ICT!$B:$B,Summary!$E43,Student_ICT!$D:$D,Summary!$G43) -> 0
E44: 62 | F44: Pass Duolingo | G44: DST | H44: =COUNTIFS(Student_ICT!$I:$I,Summary!$F44,Student_ICT!$B:$B,Summary!$E44,Student_ICT!$D:$D,Summary!$G44) -> 0
... E84: 64 | F84: Pass MU Intensive | G84: DST | H84: =COUNTIFS(Student_ICT!$I:$I,Summary!$F84,Student_ICT!$B:$B,Summary!$E84,Student_ICT!$D:$D,Summary!$G84) -> 0

Sheet Program
A1: Program
A2: ICT
A3: DST
